INSERT INTO students (id, name, group_name) VALUES ( 1, "Gomez", "red");
INSERT INTO students (id, name, group_name) VALUES ( 2, "Roberts", "blue");
INSERT INTO students (id, name, group_name) VALUES ( 3, "Sanderson", "red");
INSERT INTO students (id, name, group_name) VALUES ( 4, "Fredricks", "blue");
INSERT INTO students (id, name, group_name) VALUES ( 5, "Baylor", "red");
INSERT INTO students (id, name, group_name) VALUES ( 6, "Munoz", "blue");
INSERT INTO students (id, name, group_name) VALUES ( 7, "Halibi", "blue");
INSERT INTO students (id, name, group_name) VALUES ( 8, "Mortimer", "red");

INSERT INTO class (code) VALUES ("Radio");
INSERT INTO class (code) VALUES ("Demo");
INSERT INTO class (code) VALUES ("Saper");
INSERT INTO class (code) VALUES ("Recon");
INSERT INTO class (code) VALUES ("Survival");
INSERT INTO class (code) VALUES ("Desert");

INSERT INTO grades (student_id, code_class, grade) VALUES ( 2, "Radio", 4 );
INSERT INTO grades (student_id, code_class, grade) VALUES ( 2, "Demo", 3 );
INSERT INTO grades (student_id, code_class, grade) VALUES ( 2, "Saper", 4 );
INSERT INTO grades (student_id, code_class, grade) VALUES ( 2, "Recon", 5);
INSERT INTO grades (student_id, code_class, grade) VALUES ( 2, "Desert", 1);
INSERT INTO grades (student_id, code_class, grade) VALUES ( 2, "Radio", 2 );
INSERT INTO grades (student_id, code_class, grade) VALUES ( 2, "Demo", 4 );
INSERT INTO grades (student_id, code_class, grade) VALUES ( 2, "Saper", 2 );
INSERT INTO grades (student_id, code_class, grade) VALUES ( 2, "Recon", 2);
INSERT INTO grades (student_id, code_class, grade) VALUES ( 2, "Desert", 1);
INSERT INTO grades (student_id, code_class, grade) VALUES ( 3, "Radio", 5 );
INSERT INTO grades (student_id, code_class, grade) VALUES ( 3, "Demo", 5);
INSERT INTO grades (student_id, code_class, grade) VALUES ( 3, "Saper", 5 );
INSERT INTO grades (student_id, code_class, grade) VALUES ( 3, "Recon", 4);
INSERT INTO grades (student_id, code_class, grade) VALUES ( 3, "Desert", 4);
INSERT INTO grades (student_id, code_class, grade) VALUES ( 4, "Radio", 3);
INSERT INTO grades (student_id, code_class, grade) VALUES ( 4, "Demo", 4);
INSERT INTO grades (student_id, code_class, grade) VALUES ( 4, "Saper", 3 );
INSERT INTO grades (student_id, code_class, grade) VALUES ( 4, "Recon", 5);
INSERT INTO grades (student_id, code_class, grade) VALUES ( 4, "Desert", 4);
INSERT INTO grades (student_id, code_class, grade) VALUES ( 5, "Radio", 1);
INSERT INTO grades (student_id, code_class, grade) VALUES ( 5, "Demo", 1);
INSERT INTO grades (student_id, code_class, grade) VALUES ( 5, "Saper", 1);
INSERT INTO grades (student_id, code_class, grade) VALUES ( 5, "Recon", 2);
INSERT INTO grades (student_id, code_class, grade) VALUES ( 5, "Desert", 2);
INSERT INTO grades (student_id, code_class, grade) VALUES ( 7, "Radio", 1);
INSERT INTO grades (student_id, code_class, grade) VALUES ( 7, "Demo", 3);
INSERT INTO grades (student_id, code_class, grade) VALUES ( 7, "Saper", 1);
INSERT INTO grades (student_id, code_class, grade) VALUES ( 7, "Recon", 2);
INSERT INTO grades (student_id, code_class, grade) VALUES ( 7, "Desert", 4);
INSERT INTO grades (student_id, code_class, grade) VALUES ( 8, "Radio", 4);
INSERT INTO grades (student_id, code_class, grade) VALUES ( 8, "Demo", 4);
INSERT INTO grades (student_id, code_class, grade) VALUES ( 8, "Saper", 4);
INSERT INTO grades (student_id, code_class, grade) VALUES ( 8, "Recon", 4);
INSERT INTO grades (student_id, code_class, grade) VALUES ( 8, "Desert", 4);